{
  "lang":"en",
  "name":"pipeline",
  "version":"0.0.0",
  "spacy_version":">=3.5.1,<3.6.0",
  "description":"",
  "author":"",
  "email":"",
  "url":"",
  "license":"",
  "spacy_git_version":"8153bd573",
  "vectors":{
    "width":0,
    "vectors":0,
    "keys":0,
    "name":null,
    "mode":"default"
  },
  "labels":{
    "tok2vec":[

    ],
    "ner":[
      "behavior_alcohol",
      "behavior_drug",
      "behavior_tobacco",
      "sdoh_community",
      "sdoh_economics",
      "sdoh_education",
      "sdoh_environment"
    ]
  },
  "pipeline":[
    "tok2vec",
    "ner"
  ],
  "components":[
    "tok2vec",
    "ner"
  ],
  "disabled":[

  ],
  "performance":{
    "ents_f":0.8953749439,
    "ents_p":0.8590384284,
    "ents_r":0.9349212303,
    "ents_per_type":{
      "sdoh_environment":{
        "p":0.8441835646,
        "r":0.9360946746,
        "f":0.8877665544
      },
      "sdoh_community":{
        "p":0.8833570413,
        "r":0.94881589,
        "f":0.9149171271
      },
      "behavior_alcohol":{
        "p":0.871350365,
        "r":0.9446092977,
        "f":0.9065021357
      },
      "behavior_tobacco":{
        "p":0.859186747,
        "r":0.9685908319,
        "f":0.9106145251
      },
      "behavior_drug":{
        "p":0.8143133462,
        "r":0.8976545842,
        "f":0.8539553753
      },
      "sdoh_economics":{
        "p":0.8496868476,
        "r":0.858649789,
        "f":0.8541448059
      },
      "sdoh_education":{
        "p":0.7,
        "r":0.6086956522,
        "f":0.6511627907
      }
    },
    "tok2vec_loss":525.9187511022,
    "ner_loss":5638.8420889064
  }
}