{
  "lang":"en",
  "name":"pipeline",
  "version":"0.0.0",
  "spacy_version":">=3.5.1,<3.6.0",
  "description":"",
  "author":"",
  "email":"",
  "url":"",
  "license":"",
  "spacy_git_version":"8153bd573",
  "vectors":{
    "width":0,
    "vectors":0,
    "keys":0,
    "name":null,
    "mode":"default"
  },
  "labels":{
    "tok2vec":[

    ],
    "ner":[
      "behavior_alcohol",
      "behavior_drug",
      "behavior_tobacco",
      "sdoh_community",
      "sdoh_economics",
      "sdoh_education",
      "sdoh_environment"
    ]
  },
  "pipeline":[
    "tok2vec",
    "ner"
  ],
  "components":[
    "tok2vec",
    "ner"
  ],
  "disabled":[

  ],
  "performance":{
    "ents_f":0.9248203524,
    "ents_p":0.8854163162,
    "ents_r":0.9678949691,
    "ents_per_type":{
      "behavior_tobacco":{
        "p":0.8836271288,
        "r":0.982394951,
        "f":0.9303971687
      },
      "sdoh_environment":{
        "p":0.8678723404,
        "r":0.9593132643,
        "f":0.9113047364
      },
      "sdoh_community":{
        "p":0.9086259331,
        "r":0.9746441281,
        "f":0.9404778938
      },
      "sdoh_economics":{
        "p":0.8874670681,
        "r":0.9538834951,
        "f":0.919477481
      },
      "behavior_alcohol":{
        "p":0.8885061639,
        "r":0.9728066693,
        "f":0.9287473944
      },
      "behavior_drug":{
        "p":0.8594614533,
        "r":0.9421754953,
        "f":0.8989197531
      },
      "sdoh_education":{
        "p":0.765258216,
        "r":0.8489583333,
        "f":0.8049382716
      }
    },
    "tok2vec_loss":581.3049691272,
    "ner_loss":5612.2123057466
  }
}