{
  "lang":"en",
  "name":"pipeline",
  "version":"0.0.0",
  "spacy_version":">=3.5.1,<3.6.0",
  "description":"",
  "author":"",
  "email":"",
  "url":"",
  "license":"",
  "spacy_git_version":"8153bd573",
  "vectors":{
    "width":0,
    "vectors":0,
    "keys":0,
    "name":null,
    "mode":"default"
  },
  "labels":{
    "tok2vec":[

    ],
    "ner":[
      "behavior_alcohol",
      "behavior_drug",
      "behavior_tobacco",
      "sdoh_community",
      "sdoh_economics",
      "sdoh_education",
      "sdoh_environment"
    ]
  },
  "pipeline":[
    "tok2vec",
    "ner"
  ],
  "components":[
    "tok2vec",
    "ner"
  ],
  "disabled":[

  ],
  "performance":{
    "ents_f":0.9249424459,
    "ents_p":0.885732557,
    "ents_r":0.9677846425,
    "ents_per_type":{
      "behavior_tobacco":{
        "p":0.8837591514,
        "r":0.982394951,
        "f":0.9304703476
      },
      "sdoh_environment":{
        "p":0.868241805,
        "r":0.9593132643,
        "f":0.9115083799
      },
      "sdoh_community":{
        "p":0.9087389381,
        "r":0.9744958482,
        "f":0.9404693761
      },
      "sdoh_economics":{
        "p":0.8878434324,
        "r":0.9542880259,
        "f":0.9198674205
      },
      "behavior_alcohol":{
        "p":0.8892721002,
        "r":0.9724096864,
        "f":0.9289845454
      },
      "behavior_drug":{
        "p":0.8597268365,
        "r":0.9417711282,
        "f":0.898880741
      },
      "sdoh_education":{
        "p":0.765258216,
        "r":0.8489583333,
        "f":0.8049382716
      }
    },
    "tok2vec_loss":1511.521658101,
    "ner_loss":5666.0191981955
  }
}