{
  "lang":"en",
  "name":"pipeline",
  "version":"0.0.0",
  "spacy_version":">=3.5.1,<3.6.0",
  "description":"",
  "author":"",
  "email":"",
  "url":"",
  "license":"",
  "spacy_git_version":"8153bd573",
  "vectors":{
    "width":0,
    "vectors":0,
    "keys":0,
    "name":null,
    "mode":"default"
  },
  "labels":{
    "tok2vec":[

    ],
    "ner":[
      "behavior_alcohol",
      "behavior_drug",
      "behavior_tobacco",
      "sdoh_community",
      "sdoh_economics",
      "sdoh_education",
      "sdoh_environment"
    ]
  },
  "pipeline":[
    "tok2vec",
    "ner"
  ],
  "components":[
    "tok2vec",
    "ner"
  ],
  "disabled":[

  ],
  "performance":{
    "ents_f":0.8955920639,
    "ents_p":0.8589633201,
    "ents_r":0.935483871,
    "ents_per_type":{
      "sdoh_environment":{
        "p":0.8414893617,
        "r":0.9360946746,
        "f":0.8862745098
      },
      "sdoh_community":{
        "p":0.8836879433,
        "r":0.9518716578,
        "f":0.9165134241
      },
      "behavior_alcohol":{
        "p":0.8778696051,
        "r":0.9455984174,
        "f":0.9104761905
      },
      "behavior_tobacco":{
        "p":0.8578947368,
        "r":0.9685908319,
        "f":0.9098883573
      },
      "behavior_drug":{
        "p":0.81640625,
        "r":0.8912579957,
        "f":0.8521916412
      },
      "sdoh_economics":{
        "p":0.8391038697,
        "r":0.8691983122,
        "f":0.8538860104
      },
      "sdoh_education":{
        "p":0.6857142857,
        "r":0.5217391304,
        "f":0.5925925926
      }
    },
    "tok2vec_loss":562.920777522,
    "ner_loss":6184.084202552
  }
}